,epoch,batch,train_epoch_loss_avg_over_batch,train_acc,train_acc_clean_only,train_asr_bd_only,train_ra_bd_only,clean_test_loss_avg_over_batch,bd_test_loss_avg_over_batch,test_acc,test_asr,test_ra
last,99,390,0.0010113399074329302,0.9999599358974359,0.9999554873027531,1.0,0.10082180797755061,0.29484129204308684,0.0008779943573714322,0.9348,0.9996666666666667,0.0003333333333333333
valid_max,99,390,1.490298195068653,0.9999599358974359,0.9999554882934212,1.0,0.21478661590863554,1.47594513923307,0.3435662693121064,0.9363,1.0,0.07322222222222222
exist_nan_value,False,False,False,False,False,False,False,False,False,False,False,False
