,epoch,train_epoch_loss_avg_over_batch,train_acc,train_acc_clean_only,train_asr_bd_only,train_ra_bd_only,train_cross_acc_only,clean_test_loss_avg_over_batch,bd_test_loss_avg_over_batch,cross_test_loss_avg_over_batch,ra_test_loss_avg_over_batch,test_acc,test_asr,test_ra,test_cross_acc
last,99,0.7961329622646732,0.96758,0.9791502560063017,0.96160409556314,0.13438566552901024,0.8732935153583617,0.35089835581145706,0.1153986265122051,0.6494311456438862,4.0306494336732674,0.9048,0.9658888888888889,0.03333333333333333,0.7868
valid_max,99,2.362226141993042,0.96758,0.9791502560063017,0.9667235494880546,0.2589590443686007,0.8732935153583617,1.2391813072977187,0.9638212608619475,2.085033196437208,5.389749876210387,0.9159,0.982,0.31433333333333335,0.8296
exist_nan_value,False,False,False,False,False,False,False,False,False,False,False,False,False,False,False
