,epoch,train_epoch_loss_avg_over_batch,train_acc,train_acc_clean_only,train_asr_bd_only,train_ra_bd_only,train_cross_acc_only,clean_test_loss_avg_over_batch,bd_test_loss_avg_over_batch,cross_test_loss_avg_over_batch,ra_test_loss_avg_over_batch,test_acc,test_asr,test_ra,test_cross_acc
last,99,0.14950756570491033,0.94782,0.9576191006233303,0.9227815699658704,0.1717150170648464,0.9227815699658704,0.3033133866854861,0.2312761550952851,0.4017244194504581,7.123330989354093,0.9161,0.9206666666666666,0.07577777777777778,0.8853
valid_max,99,1.5816168818632355,0.95624,0.9643532947462155,0.935580204778157,0.5851109215017065,0.9354735494880546,1.3525941734072529,2.4330648200612672,1.4169411055649384,13.748261626337616,0.9188,0.9946666666666667,0.5746666666666667,0.8898
exist_nan_value,False,False,False,False,False,False,False,False,False,False,False,False,False,False,False
